unit_key,column_name,v0_value,new_value,reason
wh3_dlc26_grn_cha_gorbad_ironclaw_gnarla,mount,War Boar,Gnarla,"V0 : texte de monture non résolu (renvoi vers ancillaries__.loc, non chargé) -> nom déduit de l'icône. Nouveau : nom officiel du jeu."
wh3_dlc26_kho_cha_arbaal_flesh_hound,mount,Flesh Hound,Flesh Hound of Khorne,"V0 : texte de monture non résolu (renvoi vers ancillaries__.loc, non chargé) -> nom déduit de l'icône. Nouveau : nom officiel du jeu."
wh3_dlc26_kho_cha_bloodspeaker_warshrine,mount,Warshrine,Chaos Warshrine,"V0 : texte de monture non résolu (renvoi vers ancillaries__.loc, non chargé) -> nom déduit de l'icône. Nouveau : nom officiel du jeu."
wh3_dlc26_kho_cha_skulltaker_juggernaut,mount,Juggernaut,Kuhl'tyran,"V0 : texte de monture non résolu (renvoi vers ancillaries__.loc, non chargé) -> nom déduit de l'icône. Nouveau : nom officiel du jeu."
wh3_dlc27_chs_cha_sorcerer_lord_shadows_msla_warshrine,mount,Warshrine,Chaos Warshrine,"V0 : texte de monture non résolu (renvoi vers ancillaries__.loc, non chargé) -> nom déduit de l'icône. Nouveau : nom officiel du jeu."
wh3_dlc27_chs_cha_sorcerer_lord_slaanesh_msla_warshrine,mount,Warshrine,Chaos Warshrine,"V0 : texte de monture non résolu (renvoi vers ancillaries__.loc, non chargé) -> nom déduit de l'icône. Nouveau : nom officiel du jeu."
wh3_dlc27_hef_cha_caradryan_ashtari,mount,Arcane Phoenix,Ashtari,"V0 : texte de monture non résolu (renvoi vers ancillaries__.loc, non chargé) -> nom déduit de l'icône. Nouveau : nom officiel du jeu."
wh3_dlc27_hef_cha_mist_mage_skycutter,mount,Sky Cutter,Skycutter Chariot,"V0 : texte de monture non résolu (renvoi vers ancillaries__.loc, non chargé) -> nom déduit de l'icône. Nouveau : nom officiel du jeu."
wh3_dlc27_hef_cha_sea_helm_skycutter,mount,Sky Cutter,Skycutter Chariot,"V0 : texte de monture non résolu (renvoi vers ancillaries__.loc, non chargé) -> nom déduit de l'icône. Nouveau : nom officiel du jeu."
wh3_dlc27_hef_cha_sea_lord_aislinn_skycutter,mount,Sky Cutter,Skycutter Chariot,"V0 : texte de monture non résolu (renvoi vers ancillaries__.loc, non chargé) -> nom déduit de l'icône. Nouveau : nom officiel du jeu."
wh3_dlc27_sla_cha_styrkaar_the_sortsvinaer_steed_of_slaanesh,mount,Steed Of Slaanesh,Steed of Slaanesh,"V0 : texte de monture non résolu (renvoi vers ancillaries__.loc, non chargé) -> nom déduit de l'icône. Nouveau : nom officiel du jeu."
wh3_dlc29_skv_cha_thanquol_boneripper_warpfire_braziers,mount,Boneripper 1,Boneripper (Warpfire Braziers),"V0 : texte de monture non résolu (renvoi vers ancillaries__.loc, non chargé) -> nom déduit de l'icône. Nouveau : nom officiel du jeu."
wh3_dlc29_skv_cha_thanquol_boneripper_warpfire_projectors,mount,Boneripper 2,Boneripper (Warpfire Projectors),"V0 : texte de monture non résolu (renvoi vers ancillaries__.loc, non chargé) -> nom déduit de l'icône. Nouveau : nom officiel du jeu."
wh3_dlc29_vmp_cha_dieter_helsnicht_undead_manticore,mount,Manticore,Undead Manticore,"V0 : texte de monture non résolu (renvoi vers ancillaries__.loc, non chargé) -> nom déduit de l'icône. Nouveau : nom officiel du jeu."
