race_key,artwork
wh3_main_sc_cth_cathay,campaign_cathay1
wh3_dlc23_sc_chd_chaos_dwarfs,campaign_chaos_dwarfs1
wh3_main_sc_dae_daemons,campaign_daemons1
wh2_main_sc_def_dark_elves,campaign_dark_elves1
wh2_main_sc_hef_high_elves,campaign_high_elves1
wh3_main_sc_kho_khorne,campaign_khorne1
wh3_main_sc_ksl_kislev,campaign_kislev1
wh2_main_sc_lzd_lizardmen,campaign_lizardmen1
wh_dlc08_sc_nor_norsca,campaign_norsca1
wh3_main_sc_ogr_ogre_kingdoms,campaign_ogre_kingdoms1
wh2_main_sc_skv_skaven,campaign_skaven1
wh3_main_sc_sla_slaanesh,campaign_slaanesh1
wh2_dlc09_sc_tmb_tomb_kings,campaign_tomb_kings1
wh3_main_sc_tze_tzeentch,campaign_tzeentch1
wh3_dlc29_sc_nag_undead_legions,campaign_undead_legions1
wh2_dlc11_sc_cst_vampire_coast,campaign_vampire_coast1
wh_main_sc_vmp_vampire_counts,campaign_vampire_counts1
wh_dlc03_sc_bst_beastmen,campaign_beastmen1
wh_main_sc_brt_bretonnia,campaign_bretonnia1
wh_main_sc_dwf_dwarfs,campaign_dwarfs1
wh_main_sc_emp_empire,campaign_empire1
wh_main_sc_grn_greenskins,campaign_greenskins1
wh_main_sc_chs_chaos,campaign_warriors_of_chaos1
wh3_main_sc_nur_nurgle,campaign_nurgle1
wh_dlc05_sc_wef_wood_elves,campaign_wood_elves1
