path,domain,status,rows,bytes,sha256,url
db/units_custom_battle_permissions_tables/data__.tsv,roster,confirmé,2941,466380,ce08520acb50710ae8780126138d501c9b80c14840b29a334b295652cffed194,https://raw.githubusercontent.com/Shazbot/WH3-Dump/8a4f7e64714cf971b44988a4b59f218af6d04ff2/db/units_custom_battle_permissions_tables/data__.tsv
db/custom_battle_factions_tables/data__.tsv,roster,confirmé,359,11712,78f8c0de9294bd425d3472c89e085d8b6cfe11cd12ef529df40745a7403bdffe,https://raw.githubusercontent.com/Shazbot/WH3-Dump/8a4f7e64714cf971b44988a4b59f218af6d04ff2/db/custom_battle_factions_tables/data__.tsv
db/factions_tables/data__.tsv,roster,confirmé,739,415855,e18eea44e16dd4091975214619231bd7da0450c9832627f96e45cbabdc258033,https://raw.githubusercontent.com/Shazbot/WH3-Dump/8a4f7e64714cf971b44988a4b59f218af6d04ff2/db/factions_tables/data__.tsv
db/cultures_subcultures_tables/data__.tsv,roster,confirmé,33,2480,5af58e24419db6e24560f460830ae3a69fbbeac328c0abc6f858a88b0705d24a,https://raw.githubusercontent.com/Shazbot/WH3-Dump/8a4f7e64714cf971b44988a4b59f218af6d04ff2/db/cultures_subcultures_tables/data__.tsv
db/main_units_tables/data__.tsv,roster,confirmé,2802,1072538,06cade538d5736f73521df6c96aa3633cb65a8db66512b4c617445fa71803cb7,https://raw.githubusercontent.com/Shazbot/WH3-Dump/8a4f7e64714cf971b44988a4b59f218af6d04ff2/db/main_units_tables/data__.tsv
db/ui_unit_group_parents_tables/data__.tsv,roster,confirmé,12,556,a3e84b34c22886b687830ad4630dfbefe12b127bb48835efdd11b7c610272859,https://raw.githubusercontent.com/Shazbot/WH3-Dump/8a4f7e64714cf971b44988a4b59f218af6d04ff2/db/ui_unit_group_parents_tables/data__.tsv
db/ui_unit_groupings_tables/data__.tsv,roster,confirmé,593,38194,52946ee91150b0b491e642e370419f0eaa86a04e1da0a4246a2aaed29fe04ac5,https://raw.githubusercontent.com/Shazbot/WH3-Dump/8a4f7e64714cf971b44988a4b59f218af6d04ff2/db/ui_unit_groupings_tables/data__.tsv
db/units_custom_battle_mounts_tables/data__.tsv,options,confirmé,739,89868,8a0605046d806c0cab5ec8f0c778928a226c09ada6968e145c0cf176f052fd5d,https://raw.githubusercontent.com/Shazbot/WH3-Dump/8a4f7e64714cf971b44988a4b59f218af6d04ff2/db/units_custom_battle_mounts_tables/data__.tsv
db/units_custom_battle_types_tables/data__.tsv,options,confirmé,337,47015,9c21f1e73b4d71ffae87119eac28609032dd8a1c369c57a9951ac8469e0b084a,https://raw.githubusercontent.com/Shazbot/WH3-Dump/8a4f7e64714cf971b44988a4b59f218af6d04ff2/db/units_custom_battle_types_tables/data__.tsv
db/units_custom_battle_types_to_factions_tables/data__.tsv,options,confirmé,58,2203,12925244bff741d162196465b6dbcaa300a70a816329d5ee710bd4494ba9024d,https://raw.githubusercontent.com/Shazbot/WH3-Dump/8a4f7e64714cf971b44988a4b59f218af6d04ff2/db/units_custom_battle_types_to_factions_tables/data__.tsv
db/units_custom_battle_type_categories_tables/data__.tsv,options,confirmé,10,374,37af19856171cd408325be6d475e0f200e44a4ce729d301ed0841acfcf8609b6,https://raw.githubusercontent.com/Shazbot/WH3-Dump/8a4f7e64714cf971b44988a4b59f218af6d04ff2/db/units_custom_battle_type_categories_tables/data__.tsv
db/unit_set_to_mp_unit_caps_tables/data__.tsv,caps,confirmé,1012,43390,d38cbeb133d469f5fa641e307e2d0298df72e2e16a5ce61040b7e38d2fee88c1,https://raw.githubusercontent.com/Shazbot/WH3-Dump/8a4f7e64714cf971b44988a4b59f218af6d04ff2/db/unit_set_to_mp_unit_caps_tables/data__.tsv
db/unit_set_to_unit_junctions_tables/data__.tsv,caps,confirmé,26559,1935396,214c8df2a0ba9eacafd13f6c9ed3b97ba3dd3202e6a6156e364a0ab1ade94ad3,https://raw.githubusercontent.com/Shazbot/WH3-Dump/8a4f7e64714cf971b44988a4b59f218af6d04ff2/db/unit_set_to_unit_junctions_tables/data__.tsv
db/mp_budgets_tables/data__.tsv,armee,confirmé,24,1060,8dd3a5cb957117614dd00cd525a6c005aae6ae696e5723f6941c720bec7a814d,https://raw.githubusercontent.com/Shazbot/WH3-Dump/8a4f7e64714cf971b44988a4b59f218af6d04ff2/db/mp_budgets_tables/data__.tsv
db/battle_unit_caps_for_team_sizes_tables/data__.tsv,armee,confirmé,4,355,c5b44b3dde6516c535be04223315a2994b17d14e23f99bbe47144998fd85551e,https://raw.githubusercontent.com/Shazbot/WH3-Dump/8a4f7e64714cf971b44988a4b59f218af6d04ff2/db/battle_unit_caps_for_team_sizes_tables/data__.tsv
db/unit_stats_land_experience_bonuses_tables/data__.tsv,experience,candidat,10,521,2b2d8ff17ba32dff53813009eabe9da12f4e3dcac653ad6dd0a1e1919eda75c9,https://raw.githubusercontent.com/Shazbot/WH3-Dump/8a4f7e64714cf971b44988a4b59f218af6d04ff2/db/unit_stats_land_experience_bonuses_tables/data__.tsv
db/agent_subtypes_tables/data__.tsv,personnages,candidat,662,176301,185b2a2d2c20a9d244f99650d70ee2b450390cbc9bd51370a321bafcf55cf3c2,https://raw.githubusercontent.com/Shazbot/WH3-Dump/8a4f7e64714cf971b44988a4b59f218af6d04ff2/db/agent_subtypes_tables/data__.tsv
db/agent_subtype_subculture_overrides_tables/data__.tsv,personnages,candidat,22,2734,abab69c08200230da976db0c08bd9dd87c5099103fca5ce77af588346c94f4e6,https://raw.githubusercontent.com/Shazbot/WH3-Dump/8a4f7e64714cf971b44988a4b59f218af6d04ff2/db/agent_subtype_subculture_overrides_tables/data__.tsv
db/special_ability_groups_tables/data__.tsv,sorts,candidat,126,24131,1b538537d78e3fb5879a603f946570f5d2c7731abd25dbc2b4edc3171644e39e,https://raw.githubusercontent.com/Shazbot/WH3-Dump/8a4f7e64714cf971b44988a4b59f218af6d04ff2/db/special_ability_groups_tables/data__.tsv
db/special_ability_groups_to_units_junctions_tables/data__.tsv,sorts,candidat,864,56016,fd368ba1125c10909c73f1d7f2f4d1a958a96ad1e64f84dc2916d3ef6534397f,https://raw.githubusercontent.com/Shazbot/WH3-Dump/8a4f7e64714cf971b44988a4b59f218af6d04ff2/db/special_ability_groups_to_units_junctions_tables/data__.tsv
db/special_ability_groups_to_unit_abilities_junctions_tables/data__.tsv,sorts,candidat,1479,100438,652abbaaaa5ea0208c4a83cf302acd588f4caaa75b565489013e1315d75c9f45,https://raw.githubusercontent.com/Shazbot/WH3-Dump/8a4f7e64714cf971b44988a4b59f218af6d04ff2/db/special_ability_groups_to_unit_abilities_junctions_tables/data__.tsv
db/unit_abilities_tables/data__.tsv,sorts,candidat,3179,550491,735c652f4a479c6ae63be4ecaa5ffddc27c77ba81c518d4205674c66da93b158,https://raw.githubusercontent.com/Shazbot/WH3-Dump/8a4f7e64714cf971b44988a4b59f218af6d04ff2/db/unit_abilities_tables/data__.tsv
db/land_units_to_unit_abilites_junctions_tables/data__.tsv,sorts,candidat,9686,779577,2949c8f1a6aecf81ee5791b289dbdf64f42036bfcc2f19bd877187835c7541c2,https://raw.githubusercontent.com/Shazbot/WH3-Dump/8a4f7e64714cf971b44988a4b59f218af6d04ff2/db/land_units_to_unit_abilites_junctions_tables/data__.tsv
db/ancillaries_tables/data__.tsv,objets,candidat,2873,611824,ebc4025e799ebb64860b42344574d08dd489d0a84708c5f2968f5f258f842e64,https://raw.githubusercontent.com/Shazbot/WH3-Dump/8a4f7e64714cf971b44988a4b59f218af6d04ff2/db/ancillaries_tables/data__.tsv
db/ancillaries_included_agent_subtypes_tables/data__.tsv,objets,candidat,1407,108657,7d76cc61387a96c333b81f1123638d16097c181f2387a0f4878b30286f70e94d,https://raw.githubusercontent.com/Shazbot/WH3-Dump/8a4f7e64714cf971b44988a4b59f218af6d04ff2/db/ancillaries_included_agent_subtypes_tables/data__.tsv
db/ancillary_to_included_agents_tables/data__.tsv,objets,candidat,1434,74885,dea7a85743365e19c8d7aaf2e4f51bf52e83b0d5bb52ffa5fc54fee517faa120,https://raw.githubusercontent.com/Shazbot/WH3-Dump/8a4f7e64714cf971b44988a4b59f218af6d04ff2/db/ancillary_to_included_agents_tables/data__.tsv
db/ancillaries_categories_tables/data__.tsv,objets,candidat,8,473,18583d244a7180c39b0d431b23884245657b9847f41127377c1ca8148f69b31e,https://raw.githubusercontent.com/Shazbot/WH3-Dump/8a4f7e64714cf971b44988a4b59f218af6d04ff2/db/ancillaries_categories_tables/data__.tsv
db/ancillaries_categories_agent_subtype_override_junctions_tables/data__.tsv,objets,candidat,3,302,98a10dbf8bef14d1f90d80873bc4ab973ffe51e3ce78519973b7d31185bea477,https://raw.githubusercontent.com/Shazbot/WH3-Dump/8a4f7e64714cf971b44988a4b59f218af6d04ff2/db/ancillaries_categories_agent_subtype_override_junctions_tables/data__.tsv
db/ui_unit_bullet_point_unit_overrides_tables/data__.tsv,forces_faiblesses,confirmé,7987,404083,bd3a97c93ba48c026f2b0d8a5225605ca123bd24c96dbc5eee9cb63f2d6244fd,https://raw.githubusercontent.com/Shazbot/WH3-Dump/8a4f7e64714cf971b44988a4b59f218af6d04ff2/db/ui_unit_bullet_point_unit_overrides_tables/data__.tsv
db/ui_unit_bullet_point_enums_tables/data__.tsv,forces_faiblesses,confirmé,229,6710,280d765528c2e9e4826428dd8b61e79dc33543d557f58482ddcc0488f345ca57,https://raw.githubusercontent.com/Shazbot/WH3-Dump/8a4f7e64714cf971b44988a4b59f218af6d04ff2/db/ui_unit_bullet_point_enums_tables/data__.tsv
text/db/land_units__.loc.tsv,textes,confirmé,5358,437073,fc1fb5226d4680b8ca8516a05b5647539fd20a6e8d1a8b6ed098e190d410af34,https://raw.githubusercontent.com/Shazbot/WH3-Dump/8a4f7e64714cf971b44988a4b59f218af6d04ff2/text/db/land_units__.loc.tsv
text/db/agent_subtypes__.loc.tsv,textes,confirmé,1324,141294,a7801011da0884a6a565b465dc572b3576ab2574b77464fbb40fa9a88dcdab50,https://raw.githubusercontent.com/Shazbot/WH3-Dump/8a4f7e64714cf971b44988a4b59f218af6d04ff2/text/db/agent_subtypes__.loc.tsv
text/db/factions__.loc.tsv,textes,confirmé,3695,307323,f0d334b64936f0e11001d3b7762e35f29215c1a6a90e4c8630a4884aaf337235,https://raw.githubusercontent.com/Shazbot/WH3-Dump/8a4f7e64714cf971b44988a4b59f218af6d04ff2/text/db/factions__.loc.tsv
text/db/cultures_subcultures__.loc.tsv,textes,confirmé,132,11971,453b032e3f4820fb1ccafc2e6147fd5793d98ab2d27585c5354e7422168eae71,https://raw.githubusercontent.com/Shazbot/WH3-Dump/8a4f7e64714cf971b44988a4b59f218af6d04ff2/text/db/cultures_subcultures__.loc.tsv
text/db/ui_unit_group_parents__.loc.tsv,textes,confirmé,12,970,e823fa9d22463f4cb63d2a47f08815bf73f5c533aea22cc5d13f310dcee0401e,https://raw.githubusercontent.com/Shazbot/WH3-Dump/8a4f7e64714cf971b44988a4b59f218af6d04ff2/text/db/ui_unit_group_parents__.loc.tsv
text/db/ui_unit_groupings__.loc.tsv,textes,confirmé,1186,78579,e6cbf8bfe0f7747c169aaf0076e7123a53cf2ddfd0ac2854069413766bf57518,https://raw.githubusercontent.com/Shazbot/WH3-Dump/8a4f7e64714cf971b44988a4b59f218af6d04ff2/text/db/ui_unit_groupings__.loc.tsv
text/db/units_custom_battle_mounts__.loc.tsv,textes,confirmé,1478,288310,4eb14b5f3f86963541d7b884caf803eecbe6de74b55129f84b9c64c0aa97fcc3,https://raw.githubusercontent.com/Shazbot/WH3-Dump/8a4f7e64714cf971b44988a4b59f218af6d04ff2/text/db/units_custom_battle_mounts__.loc.tsv
text/db/units_custom_battle_types__.loc.tsv,textes,confirmé,674,94910,f5038312e04496caa878dc0757db1381db0875c4d6d384925e488054d04067a5,https://raw.githubusercontent.com/Shazbot/WH3-Dump/8a4f7e64714cf971b44988a4b59f218af6d04ff2/text/db/units_custom_battle_types__.loc.tsv
text/db/unit_set_to_mp_unit_caps__.loc.tsv,textes,confirmé,1012,112466,3ca612ede1da1d987a8f7eec417c45c90175419365bc1fee960d49989fd0991e,https://raw.githubusercontent.com/Shazbot/WH3-Dump/8a4f7e64714cf971b44988a4b59f218af6d04ff2/text/db/unit_set_to_mp_unit_caps__.loc.tsv
text/db/unit_abilities__.loc.tsv,textes,candidat,6358,928094,2b807e5332383eabf4370c84310af4b896bfea436e14e4a8377a5cc344aca3a9,https://raw.githubusercontent.com/Shazbot/WH3-Dump/8a4f7e64714cf971b44988a4b59f218af6d04ff2/text/db/unit_abilities__.loc.tsv
text/db/special_ability_groups__.loc.tsv,textes,candidat,126,10487,079affe6940717304f869c01828d5a6f50b182df59f9b870a8187d992796eeed,https://raw.githubusercontent.com/Shazbot/WH3-Dump/8a4f7e64714cf971b44988a4b59f218af6d04ff2/text/db/special_ability_groups__.loc.tsv
text/db/ancillaries__.loc.tsv,textes,candidat,8619,1073238,2508bc63e09c193211836aed6eec8103aee3aacba16344725a43910a7de6005e,https://raw.githubusercontent.com/Shazbot/WH3-Dump/8a4f7e64714cf971b44988a4b59f218af6d04ff2/text/db/ancillaries__.loc.tsv
text/db/ui_unit_bullet_point_enums__.loc.tsv,textes,confirmé,458,60226,b48f34e77303db2ba9b62115a5d9ef0b51bfb56ab0ea74b4de8836f383028939,https://raw.githubusercontent.com/Shazbot/WH3-Dump/8a4f7e64714cf971b44988a4b59f218af6d04ff2/text/db/ui_unit_bullet_point_enums__.loc.tsv
ui/frontend ui/custom_battle.twui.xml,reference,référence,,952637,ef261c5b1233e7221f3d1702ac011675a5d3e560492464585cd5f7f03391568e,https://raw.githubusercontent.com/Shazbot/WH3-Dump/8a4f7e64714cf971b44988a4b59f218af6d04ff2/ui/frontend%20ui/custom_battle.twui.xml
db/unit_variants_tables/data__.tsv,images,confirmé,2695,352701,c1f7a8c61bf007e77168083bf4836d2ebb6ef5f0cfe2e2fe5d9b34a3fadec85e,https://raw.githubusercontent.com/Shazbot/WH3-Dump/8a4f7e64714cf971b44988a4b59f218af6d04ff2/db/unit_variants_tables/data__.tsv
db/character_skill_node_sets_tables/data__.tsv,personnalisation,candidat,594,58817,65d7b919822406fef4bb1b2774f12075e155d42dd563fd51a61679e79c1c24c0,https://raw.githubusercontent.com/Shazbot/WH3-Dump/8a4f7e64714cf971b44988a4b59f218af6d04ff2/db/character_skill_node_sets_tables/data__.tsv
db/character_skill_node_set_items_tables/data__.tsv,personnalisation,candidat,33170,3305932,d176a55e8f68abb01490a46db51b9a47c6d2eecdb7a838be5e9f02b06c2aaba4,https://raw.githubusercontent.com/Shazbot/WH3-Dump/8a4f7e64714cf971b44988a4b59f218af6d04ff2/db/character_skill_node_set_items_tables/data__.tsv
db/character_skill_nodes_tables/data__.tsv,personnalisation,candidat,26639,2998000,6ad46efe3815f29fa8ff9c001df023b9786c22f1e566e5da64b70eb3420b3894,https://raw.githubusercontent.com/Shazbot/WH3-Dump/8a4f7e64714cf971b44988a4b59f218af6d04ff2/db/character_skill_nodes_tables/data__.tsv
db/character_skill_level_to_effects_junctions_tables/data__.tsv,personnalisation,candidat,18596,2530483,741b8595d22b0f02e0ed5d83837ac4df581365df6844f336c9a0dde32b891441,https://raw.githubusercontent.com/Shazbot/WH3-Dump/8a4f7e64714cf971b44988a4b59f218af6d04ff2/db/character_skill_level_to_effects_junctions_tables/data__.tsv
db/effect_bonus_value_unit_ability_junctions_tables/data__.tsv,personnalisation,candidat,5608,584052,911ab1b189f4a94a2ce381c933375ebeba81558df210b25afed031340998854c,https://raw.githubusercontent.com/Shazbot/WH3-Dump/8a4f7e64714cf971b44988a4b59f218af6d04ff2/db/effect_bonus_value_unit_ability_junctions_tables/data__.tsv
db/unit_special_abilities_tables/data__.tsv,personnalisation,candidat,3173,1489419,92b6e7f69455792dd3ca4fc2233e9a812ecc95413bf45c36acb1600db5102768,https://raw.githubusercontent.com/Shazbot/WH3-Dump/8a4f7e64714cf971b44988a4b59f218af6d04ff2/db/unit_special_abilities_tables/data__.tsv
db/ancillary_uniqueness_groupings_tables/data__.tsv,personnalisation,candidat,9,657,cb415ea3ce757f77038c413eaddb7da6f8278a485d9bdb61e6c8308916850148,https://raw.githubusercontent.com/Shazbot/WH3-Dump/8a4f7e64714cf971b44988a4b59f218af6d04ff2/db/ancillary_uniqueness_groupings_tables/data__.tsv
